project,test_name,covariate,p_value,hazard_ratio,ci95_low,ci95_high,n_rows,n_events,status,q_value,significant_fdr05,model,ph_screen_covariates,ph_violation_count,ph_violation_fraction,ph_caution
TCGA-SKCM,am_vs_dc_adjusted,boundary_mode,0.028596640544227284,0.5073650176656769,0.2763560414720468,0.9314768722974719,175,137,ok,0.06858497434269512,False,cox_am_vs_dc_adjusted,14,9,0.6428571428571429,True
TCGA-SKCM,am_vs_dc_plus_pdl1_b2m,boundary_mode,0.1305081373785171,0.5616765045862225,0.26593037095387095,1.186327438541877,175,137,ok,0.17401084983802279,False,cox_am_vs_dc_plus_pdl1_b2m,16,11,0.6875,True
TCGA-SKCM,pdl1_x_clock_interaction,pdl1_x_clock,0.007486507768202686,0.217471096276822,0.07108833036872819,0.6652804682644131,296,216,ok,0.045434253875422985,True,cox_pdl1_clock_interaction,16,14,0.875,True
TCGA-SKCM,high_pdl1_clock_effect,circ_cv_ortho,0.276010107276372,0.2282478276260439,0.015995659262675637,3.256950523919438,150,100,ok,0.276010107276372,False,cox_high_pdl1_clock_effect,14,13,0.9285714285714286,True
TCGA-LUAD,am_vs_dc_adjusted,boundary_mode,0.011358563468855746,0.28818636356426885,0.1099824854613647,0.7551327813333671,183,67,ok,0.045434253875422985,True,cox_am_vs_dc_adjusted,14,12,0.8571428571428571,True
TCGA-LUAD,am_vs_dc_plus_pdl1_b2m,boundary_mode,0.03429248717134756,0.2728240300771921,0.08194193224598585,0.9083621699829627,183,67,ok,0.06858497434269512,False,cox_am_vs_dc_plus_pdl1_b2m,16,13,0.8125,True
TCGA-LUAD,pdl1_x_clock_interaction,pdl1_x_clock,0.24013040923876727,0.2877400629111645,0.036000317707967085,2.2998225870045035,360,151,ok,0.27443475341573403,False,cox_pdl1_clock_interaction,16,16,1.0,True
TCGA-LUAD,high_pdl1_clock_effect,circ_cv_ortho,0.07853876625745133,0.027717516822048493,0.0005102558858444376,1.5056381711484301,174,67,ok,0.12566202601192214,False,cox_high_pdl1_clock_effect,14,13,0.9285714285714286,True
