project,project_label,n_total,n_active_masking,n_decoherence,n_mixed,cv_mean_active_masking,cv_mean_decoherence,cv_mean_mixed,bmal1_per1_ratio_am,bmal1_per1_ratio_dc,bmal1_per1_ratio_mx,kruskal_stat,kruskal_p,mw_am_vs_dc_stat,mw_am_vs_dc_p,kruskal_fdr,mw_am_vs_dc_fdr
TCGA-SKCM,Melanoma,472,85,196,191,0.2322960226134581,0.38287886894662465,0.3213212569356643,-1.2557749046765272,-2.88878162026603,-2.658623995384787,106.80153461633859,6.431931768491161e-24,2298.0,5.445967791313469e-22,1.9295795305473484e-23,1.6337903373940407e-21
TCGA-LUAD,Lung Adeno,530,88,192,250,0.1593937381733719,0.2643768400401361,0.2469387778841526,-0.8651502874633098,-2.6477428249937387,-2.4694871635695375,131.35992059643468,2.989204799272027e-29,1982.0,8.77017744707767e-25,1.7935228795632162e-28,5.2621064682466025e-24
TCGA-BRCA,Breast,1113,162,426,525,0.18042218267417892,0.2215132269360027,0.20666050566892175,0.22460357691706778,-1.1425587258240946,-1.2531596679270327,46.91787633685135,6.485039148379783e-11,22163.0,1.9981487670757974e-11,7.782046978055739e-11,2.997223150613696e-11
TCGA-COAD,Colon,473,53,173,247,0.22327559991019635,0.2584843557928369,0.21496094910277963,0.08627114431912067,-1.1298619577908038,-1.2453285246645311,43.28516383571423,3.9879168908811925e-10,2940.0,7.898236108681828e-05,3.9879168908811925e-10,7.898236108681828e-05
TCGA-HNSC,Head & Neck,522,57,183,282,0.13966326879919957,0.2424483282781663,0.2431489815493148,-0.6086191787620648,-1.8465009654776643,-2.159146473281037,83.73338545336833,6.569410091114667e-19,1487.0,3.7905012189369767e-16,1.3138820182229334e-18,7.581002437873953e-16
TCGA-LUSC,Lung Squam.,501,63,150,288,0.13718457868521766,0.19861915813562556,0.2109619742168834,-0.5134626985633933,-1.533040908247887,-1.7825363796419238,69.68601332622166,7.3769098011738e-16,2020.0,4.457347627129881e-11,1.10653647017607e-15,5.348817152555857e-11
