cohort,test,am_mean,dc_mean,mw_stat,p_value
TCGA-SKCM,am_vs_dc_index,0.3185,-0.3277,5625.0,1.6951517700266138e-10
TCGA-LUAD,am_vs_dc_index,0.5246,-0.4276,9149.0,1.5299591596261958e-20
TCGA-SKCM,obs_index_survival,,,-1.858718543461219,0.06306704362993618
TCGA-LUAD,obs_index_survival,,,1.731299678861914,0.08339832870482393
TCGA-SKCM,obs_index_vs_pdl1,,,0.4817746584233571,6.740911981674891e-19
TCGA-LUAD,obs_index_vs_pdl1,,,0.5393950787297267,5.57883295399332e-34
